word,Tag,sentence_num
I,O,1
have,O,1
visited,O,1
Mount,B-mount,1
Fuji,I-mount,1
recently.,O,1
Mount,B-mount,2
Kosciuszko,I-mount,2
and,O,2
Mount,B-mount,2
Fuji,I-mount,2
are,O,2
popular,O,2
destinations.,O,2
Mount,B-mount,3
Everest,I-mount,3
is,O,3
known,O,3
for,O,3
its,O,3
beauty.,O,3
People,O,4
often,O,4
climb,O,4
Mount,B-mount,4
Aconcagua,I-mount,4
during,O,4
the,O,4
summer.,O,4
The,O,5
river,O,5
flows,O,5
through,O,5
the,O,5
valley.,O,5
I,O,6
have,O,6
visited,O,6
Mount,B-mount,6
McKinley,I-mount,6
recently.,O,6
The,B-mount,7
Himalayas,I-mount,7
is,O,7
known,O,7
for,O,7
its,O,7
beauty.,O,7
The,B-mount,8
peaks,O,8
of,O,8
Mount,B-mount,8
Everest,I-mount,8
are,O,8
covered,O,8
in,O,8
snow.,O,8
The,O,9
river,O,9
flows,O,9
through,O,9
the,O,9
valley.,O,9
I,O,10
have,O,10
visited,O,10
Annapurna,B-mount,10
recently.,O,10
I,O,11
have,O,11
visited,O,11
Mount,B-mount,11
Everest,I-mount,11
recently.,O,11
The,O,12
sun,O,12
sets,O,12
behind,O,12
the,O,12
hills,O,12
every,O,12
evening.,O,12
We,O,13
went,O,13
stargazing,O,13
last,O,13
night.,O,13
People,O,14
often,O,14
climb,O,14
Mount,B-mount,14
Olympus,I-mount,14
during,O,14
the,O,14
summer.,O,14
People,O,15
often,O,15
climb,O,15
Mount,B-mount,15
McKinley,I-mount,15
during,O,15
the,O,15
summer.,O,15
The,O,16
sun,O,16
sets,O,16
behind,O,16
the,O,16
hills,O,16
every,O,16
evening.,O,16
The,B-mount,17
peaks,O,17
of,O,17
K2,B-mount,17
are,O,17
covered,O,17
in,O,17
snow.,O,17
Mount,B-mount,18
Elbrus,I-mount,18
is,O,18
known,O,18
for,O,18
its,O,18
beauty.,O,18
Mount,B-mount,19
Kosciuszko,I-mount,19
is,O,19
known,O,19
for,O,19
its,O,19
beauty.,O,19
The,O,20
view,O,20
from,O,20
here,O,20
is,O,20
breathtaking.,O,20
I,O,21
have,O,21
visited,O,21
Annapurna,B-mount,21
recently.,O,21
K2,B-mount,22
is,O,22
known,O,22
for,O,22
its,O,22
beauty.,O,22
She,O,23
enjoys,O,23
camping,O,23
in,O,23
remote,O,23
areas.,O,23
We,O,24
went,O,24
stargazing,O,24
last,O,24
night.,O,24
The,O,25
forest,O,25
is,O,25
dense,O,25
and,O,25
full,O,25
of,O,25
life.,O,25
The,B-mount,26
Himalayas,I-mount,26
is,O,26
known,O,26
for,O,26
its,O,26
beauty.,O,26
People,O,27
often,O,27
climb,O,27
The,B-mount,27
Andes,I-mount,27
during,O,27
the,O,27
summer.,O,27
The,O,28
river,O,28
flows,O,28
through,O,28
the,O,28
valley.,O,28
I,O,29
have,O,29
visited,O,29
Mount,B-mount,29
Olympus,I-mount,29
recently.,O,29
Mount,B-mount,30
Aconcagua,I-mount,30
and,O,30
The,B-mount,30
Rockies,I-mount,30
are,O,30
popular,O,30
destinations.,O,30
K2,B-mount,31
is,O,31
known,O,31
for,O,31
its,O,31
beauty.,O,31
People,O,32
often,O,32
climb,O,32
Denali,B-mount,32
during,O,32
the,O,32
summer.,O,32
I,O,33
have,O,33
visited,O,33
Mount,B-mount,33
Whitney,I-mount,33
recently.,O,33
I,O,34
have,O,34
visited,O,34
The,B-mount,34
Himalayas,I-mount,34
recently.,O,34
She,O,35
enjoys,O,35
camping,O,35
in,O,35
remote,O,35
areas.,O,35
I,O,36
have,O,36
visited,O,36
The,B-mount,36
Himalayas,I-mount,36
recently.,O,36
Mount,B-mount,37
Aconcagua,I-mount,37
and,O,37
Mont,B-mount,37
Blanc,I-mount,37
are,O,37
popular,O,37
destinations.,O,37
The,B-mount,38
peaks,O,38
of,O,38
Annapurna,B-mount,38
are,O,38
covered,O,38
in,O,38
snow.,O,38
The,B-mount,39
peaks,O,39
of,O,39
The,B-mount,39
Himalayas,I-mount,39
are,O,39
covered,O,39
in,O,39
snow.,O,39
People,O,40
often,O,40
climb,O,40
Mount,B-mount,40
Elbrus,I-mount,40
during,O,40
the,O,40
summer.,O,40
I,O,41
have,O,41
visited,O,41
Mount,B-mount,41
Logan,I-mount,41
recently.,O,41
Matterhorn,B-mount,42
and,O,42
The,B-mount,42
Andes,I-mount,42
are,O,42
popular,O,42
destinations.,O,42
The,B-mount,43
peaks,O,43
of,O,43
Mont,B-mount,43
Blanc,I-mount,43
are,O,43
covered,O,43
in,O,43
snow.,O,43
The,B-mount,44
Rockies,I-mount,44
and,O,44
Mount,B-mount,44
Fuji,I-mount,44
are,O,44
popular,O,44
destinations.,O,44
He,O,45
packed,O,45
his,O,45
bag,O,45
and,O,45
set,O,45
off,O,45
on,O,45
an,O,45
adventure.,O,45
The,O,46
river,O,46
flows,O,46
through,O,46
the,O,46
valley.,O,46
I,O,47
have,O,47
visited,O,47
Mount,B-mount,47
Aconcagua,I-mount,47
recently.,O,47
I,O,48
have,O,48
visited,O,48
Mount,B-mount,48
Whitney,I-mount,48
recently.,O,48
I,O,49
have,O,49
visited,O,49
Mount,B-mount,49
Aconcagua,I-mount,49
recently.,O,49
The,B-mount,50
Alps,I-mount,50
is,O,50
known,O,50
for,O,50
its,O,50
beauty.,O,50
People,O,51
often,O,51
climb,O,51
Mount,B-mount,51
Kilimanjaro,I-mount,51
during,O,51
the,O,51
summer.,O,51
Mount,B-mount,52
Logan,I-mount,52
and,O,52
Mount,B-mount,52
Olympus,I-mount,52
are,O,52
popular,O,52
destinations.,O,52
This,O,53
area,O,53
is,O,53
famous,O,53
for,O,53
its,O,53
wildlife.,O,53
People,O,54
often,O,54
climb,O,54
The,B-mount,54
Rockies,I-mount,54
during,O,54
the,O,54
summer.,O,54
The,O,55
forest,O,55
is,O,55
dense,O,55
and,O,55
full,O,55
of,O,55
life.,O,55
We,O,56
went,O,56
stargazing,O,56
last,O,56
night.,O,56
The,O,57
view,O,57
from,O,57
here,O,57
is,O,57
breathtaking.,O,57
Mount,B-mount,58
Everest,I-mount,58
and,O,58
Matterhorn,B-mount,58
are,O,58
popular,O,58
destinations.,O,58
I,O,59
have,O,59
visited,O,59
K2,B-mount,59
recently.,O,59
He,O,60
packed,O,60
his,O,60
bag,O,60
and,O,60
set,O,60
off,O,60
on,O,60
an,O,60
adventure.,O,60
The,B-mount,61
peaks,O,61
of,O,61
Matterhorn,B-mount,61
are,O,61
covered,O,61
in,O,61
snow.,O,61
People,O,62
often,O,62
climb,O,62
Mount,B-mount,62
Elbrus,I-mount,62
during,O,62
the,O,62
summer.,O,62
The,O,63
view,O,63
from,O,63
here,O,63
is,O,63
breathtaking.,O,63
People,O,64
often,O,64
climb,O,64
Mount,B-mount,64
Fuji,I-mount,64
during,O,64
the,O,64
summer.,O,64
I,O,65
have,O,65
visited,O,65
Denali,B-mount,65
recently.,O,65
She,O,66
enjoys,O,66
camping,O,66
in,O,66
remote,O,66
areas.,O,66
The,B-mount,67
peaks,O,67
of,O,67
Mount,B-mount,67
Kilimanjaro,I-mount,67
are,O,67
covered,O,67
in,O,67
snow.,O,67
I,O,68
love,O,68
hiking,O,68
in,O,68
the,O,68
countryside.,O,68
She,O,69
enjoys,O,69
camping,O,69
in,O,69
remote,O,69
areas.,O,69
He,O,70
packed,O,70
his,O,70
bag,O,70
and,O,70
set,O,70
off,O,70
on,O,70
an,O,70
adventure.,O,70
The,B-mount,71
peaks,O,71
of,O,71
Mount,B-mount,71
Logan,I-mount,71
are,O,71
covered,O,71
in,O,71
snow.,O,71
K2,B-mount,72
and,O,72
K2,B-mount,72
are,O,72
popular,O,72
destinations.,O,72
Mount,B-mount,73
Olympus,I-mount,73
and,O,73
The,B-mount,73
Rockies,I-mount,73
are,O,73
popular,O,73
destinations.,O,73
K2,B-mount,74
is,O,74
known,O,74
for,O,74
its,O,74
beauty.,O,74
Mont,B-mount,75
Blanc,I-mount,75
and,O,75
Mount,B-mount,75
Fuji,I-mount,75
are,O,75
popular,O,75
destinations.,O,75
The,O,76
river,O,76
flows,O,76
through,O,76
the,O,76
valley.,O,76
She,O,77
enjoys,O,77
camping,O,77
in,O,77
remote,O,77
areas.,O,77
Mount,B-mount,78
Kilimanjaro,I-mount,78
is,O,78
known,O,78
for,O,78
its,O,78
beauty.,O,78
Mount,B-mount,79
McKinley,I-mount,79
and,O,79
Mount,B-mount,79
Whitney,I-mount,79
are,O,79
popular,O,79
destinations.,O,79
I,O,80
have,O,80
visited,O,80
Mont,B-mount,80
Blanc,I-mount,80
recently.,O,80
People,O,81
often,O,81
climb,O,81
Mount,B-mount,81
Fuji,I-mount,81
during,O,81
the,O,81
summer.,O,81
People,O,82
often,O,82
climb,O,82
Mount,B-mount,82
Whitney,I-mount,82
during,O,82
the,O,82
summer.,O,82
The,B-mount,83
peaks,O,83
of,O,83
Mount,B-mount,83
Fuji,I-mount,83
are,O,83
covered,O,83
in,O,83
snow.,O,83
He,O,84
packed,O,84
his,O,84
bag,O,84
and,O,84
set,O,84
off,O,84
on,O,84
an,O,84
adventure.,O,84
The,B-mount,85
peaks,O,85
of,O,85
Mount,B-mount,85
Olympus,I-mount,85
are,O,85
covered,O,85
in,O,85
snow.,O,85
The,B-mount,86
peaks,O,86
of,O,86
Mount,B-mount,86
Elbrus,I-mount,86
are,O,86
covered,O,86
in,O,86
snow.,O,86
The,B-mount,87
Alps,I-mount,87
is,O,87
known,O,87
for,O,87
its,O,87
beauty.,O,87
Matterhorn,B-mount,88
is,O,88
known,O,88
for,O,88
its,O,88
beauty.,O,88
She,O,89
enjoys,O,89
camping,O,89
in,O,89
remote,O,89
areas.,O,89
The,B-mount,90
peaks,O,90
of,O,90
Mount,B-mount,90
Fuji,I-mount,90
are,O,90
covered,O,90
in,O,90
snow.,O,90
People,O,91
often,O,91
climb,O,91
Mount,B-mount,91
Everest,I-mount,91
during,O,91
the,O,91
summer.,O,91
People,O,92
often,O,92
climb,O,92
The,B-mount,92
Andes,I-mount,92
during,O,92
the,O,92
summer.,O,92
The,B-mount,93
peaks,O,93
of,O,93
Mount,B-mount,93
Fuji,I-mount,93
are,O,93
covered,O,93
in,O,93
snow.,O,93
Mount,B-mount,94
Aconcagua,I-mount,94
is,O,94
known,O,94
for,O,94
its,O,94
beauty.,O,94
He,O,95
packed,O,95
his,O,95
bag,O,95
and,O,95
set,O,95
off,O,95
on,O,95
an,O,95
adventure.,O,95
The,O,96
sun,O,96
sets,O,96
behind,O,96
the,O,96
hills,O,96
every,O,96
evening.,O,96
People,O,97
often,O,97
climb,O,97
Mount,B-mount,97
Whitney,I-mount,97
during,O,97
the,O,97
summer.,O,97
The,B-mount,98
peaks,O,98
of,O,98
Mount,B-mount,98
Elbrus,I-mount,98
are,O,98
covered,O,98
in,O,98
snow.,O,98
K2,B-mount,99
and,O,99
Mount,B-mount,99
Elbrus,I-mount,99
are,O,99
popular,O,99
destinations.,O,99
The,O,100
view,O,100
from,O,100
here,O,100
is,O,100
breathtaking.,O,100
The,O,101
forest,O,101
is,O,101
dense,O,101
and,O,101
full,O,101
of,O,101
life.,O,101
Mount,B-mount,102
Logan,I-mount,102
is,O,102
known,O,102
for,O,102
its,O,102
beauty.,O,102
This,O,103
area,O,103
is,O,103
famous,O,103
for,O,103
its,O,103
wildlife.,O,103
The,B-mount,104
Alps,I-mount,104
is,O,104
known,O,104
for,O,104
its,O,104
beauty.,O,104
People,O,105
often,O,105
climb,O,105
Matterhorn,B-mount,105
during,O,105
the,O,105
summer.,O,105
People,O,106
often,O,106
climb,O,106
Mount,B-mount,106
Olympus,I-mount,106
during,O,106
the,O,106
summer.,O,106
The,B-mount,107
peaks,O,107
of,O,107
Denali,B-mount,107
are,O,107
covered,O,107
in,O,107
snow.,O,107
The,O,108
river,O,108
flows,O,108
through,O,108
the,O,108
valley.,O,108
I,O,109
have,O,109
visited,O,109
Denali,B-mount,109
recently.,O,109
I,O,110
have,O,110
visited,O,110
Mount,B-mount,110
Kilimanjaro,I-mount,110
recently.,O,110
The,B-mount,111
Rockies,I-mount,111
and,O,111
Denali,B-mount,111
are,O,111
popular,O,111
destinations.,O,111
The,O,112
forest,O,112
is,O,112
dense,O,112
and,O,112
full,O,112
of,O,112
life.,O,112
Mount,B-mount,113
Logan,I-mount,113
and,O,113
Mount,B-mount,113
Aconcagua,I-mount,113
are,O,113
popular,O,113
destinations.,O,113
Mount,B-mount,114
Aconcagua,I-mount,114
and,O,114
Mount,B-mount,114
Elbrus,I-mount,114
are,O,114
popular,O,114
destinations.,O,114
The,O,115
forest,O,115
is,O,115
dense,O,115
and,O,115
full,O,115
of,O,115
life.,O,115
She,O,116
enjoys,O,116
camping,O,116
in,O,116
remote,O,116
areas.,O,116
Mount,B-mount,117
McKinley,I-mount,117
and,O,117
Mount,B-mount,117
Aconcagua,I-mount,117
are,O,117
popular,O,117
destinations.,O,117
The,B-mount,118
peaks,O,118
of,O,118
Mount,B-mount,118
Elbrus,I-mount,118
are,O,118
covered,O,118
in,O,118
snow.,O,118
The,B-mount,119
peaks,O,119
of,O,119
Mount,B-mount,119
Olympus,I-mount,119
are,O,119
covered,O,119
in,O,119
snow.,O,119
I,O,120
have,O,120
visited,O,120
The,B-mount,120
Andes,I-mount,120
recently.,O,120
The,O,121
sun,O,121
sets,O,121
behind,O,121
the,O,121
hills,O,121
every,O,121
evening.,O,121
Mount,B-mount,122
Olympus,I-mount,122
is,O,122
known,O,122
for,O,122
its,O,122
beauty.,O,122
The,B-mount,123
peaks,O,123
of,O,123
Mount,B-mount,123
Fuji,I-mount,123
are,O,123
covered,O,123
in,O,123
snow.,O,123
Mount,B-mount,124
Whitney,I-mount,124
is,O,124
known,O,124
for,O,124
its,O,124
beauty.,O,124
She,O,125
enjoys,O,125
camping,O,125
in,O,125
remote,O,125
areas.,O,125
This,O,126
area,O,126
is,O,126
famous,O,126
for,O,126
its,O,126
wildlife.,O,126
I,O,127
have,O,127
visited,O,127
Mount,B-mount,127
Logan,I-mount,127
recently.,O,127
I,O,128
love,O,128
hiking,O,128
in,O,128
the,O,128
countryside.,O,128
We,O,129
went,O,129
stargazing,O,129
last,O,129
night.,O,129
I,O,130
have,O,130
visited,O,130
Mount,B-mount,130
Kilimanjaro,I-mount,130
recently.,O,130
I,O,131
have,O,131
visited,O,131
Mount,B-mount,131
Olympus,I-mount,131
recently.,O,131
The,O,132
weather,O,132
is,O,132
beautiful,O,132
today.,O,132
Mount,B-mount,133
Aconcagua,I-mount,133
and,O,133
Mount,B-mount,133
Kilimanjaro,I-mount,133
are,O,133
popular,O,133
destinations.,O,133
Mount,B-mount,134
Whitney,I-mount,134
is,O,134
known,O,134
for,O,134
its,O,134
beauty.,O,134
I,O,135
have,O,135
visited,O,135
The,B-mount,135
Himalayas,I-mount,135
recently.,O,135
People,O,136
often,O,136
climb,O,136
Mount,B-mount,136
Olympus,I-mount,136
during,O,136
the,O,136
summer.,O,136
Denali,B-mount,137
and,O,137
The,B-mount,137
Andes,I-mount,137
are,O,137
popular,O,137
destinations.,O,137
The,B-mount,138
Rockies,I-mount,138
and,O,138
Mount,B-mount,138
Kosciuszko,I-mount,138
are,O,138
popular,O,138
destinations.,O,138
The,B-mount,139
peaks,O,139
of,O,139
Mount,B-mount,139
Olympus,I-mount,139
are,O,139
covered,O,139
in,O,139
snow.,O,139
I,O,140
love,O,140
hiking,O,140
in,O,140
the,O,140
countryside.,O,140
I,O,141
love,O,141
hiking,O,141
in,O,141
the,O,141
countryside.,O,141
I,O,142
have,O,142
visited,O,142
The,B-mount,142
Andes,I-mount,142
recently.,O,142
Mount,B-mount,143
Whitney,I-mount,143
is,O,143
known,O,143
for,O,143
its,O,143
beauty.,O,143
The,O,144
weather,O,144
is,O,144
beautiful,O,144
today.,O,144
The,O,145
weather,O,145
is,O,145
beautiful,O,145
today.,O,145
Mount,B-mount,146
Kosciuszko,I-mount,146
and,O,146
K2,B-mount,146
are,O,146
popular,O,146
destinations.,O,146
The,O,147
forest,O,147
is,O,147
dense,O,147
and,O,147
full,O,147
of,O,147
life.,O,147
The,B-mount,148
peaks,O,148
of,O,148
Mont,B-mount,148
Blanc,I-mount,148
are,O,148
covered,O,148
in,O,148
snow.,O,148
Denali,B-mount,149
is,O,149
known,O,149
for,O,149
its,O,149
beauty.,O,149
This,O,150
area,O,150
is,O,150
famous,O,150
for,O,150
its,O,150
wildlife.,O,150
People,O,151
often,O,151
climb,O,151
Mount,B-mount,151
McKinley,I-mount,151
during,O,151
the,O,151
summer.,O,151
People,O,152
often,O,152
climb,O,152
Mount,B-mount,152
Logan,I-mount,152
during,O,152
the,O,152
summer.,O,152
People,O,153
often,O,153
climb,O,153
Mont,B-mount,153
Blanc,I-mount,153
during,O,153
the,O,153
summer.,O,153
Mont,B-mount,154
Blanc,I-mount,154
and,O,154
Mount,B-mount,154
Logan,I-mount,154
are,O,154
popular,O,154
destinations.,O,154
Denali,B-mount,155
is,O,155
known,O,155
for,O,155
its,O,155
beauty.,O,155
I,O,156
have,O,156
visited,O,156
Mount,B-mount,156
McKinley,I-mount,156
recently.,O,156
This,O,157
area,O,157
is,O,157
famous,O,157
for,O,157
its,O,157
wildlife.,O,157
Mount,B-mount,158
Kosciuszko,I-mount,158
and,O,158
Mont,B-mount,158
Blanc,I-mount,158
are,O,158
popular,O,158
destinations.,O,158
People,O,159
often,O,159
climb,O,159
Mount,B-mount,159
Whitney,I-mount,159
during,O,159
the,O,159
summer.,O,159
People,O,160
often,O,160
climb,O,160
Mount,B-mount,160
Olympus,I-mount,160
during,O,160
the,O,160
summer.,O,160
I,O,161
have,O,161
visited,O,161
The,B-mount,161
Alps,I-mount,161
recently.,O,161
I,O,162
love,O,162
hiking,O,162
in,O,162
the,O,162
countryside.,O,162
The,O,163
view,O,163
from,O,163
here,O,163
is,O,163
breathtaking.,O,163
People,O,164
often,O,164
climb,O,164
Mount,B-mount,164
Kosciuszko,I-mount,164
during,O,164
the,O,164
summer.,O,164
The,O,165
river,O,165
flows,O,165
through,O,165
the,O,165
valley.,O,165
The,B-mount,166
peaks,O,166
of,O,166
The,B-mount,166
Himalayas,I-mount,166
are,O,166
covered,O,166
in,O,166
snow.,O,166
She,O,167
enjoys,O,167
camping,O,167
in,O,167
remote,O,167
areas.,O,167
He,O,168
packed,O,168
his,O,168
bag,O,168
and,O,168
set,O,168
off,O,168
on,O,168
an,O,168
adventure.,O,168
She,O,169
enjoys,O,169
camping,O,169
in,O,169
remote,O,169
areas.,O,169
I,O,170
have,O,170
visited,O,170
Mount,B-mount,170
McKinley,I-mount,170
recently.,O,170
People,O,171
often,O,171
climb,O,171
Mount,B-mount,171
Logan,I-mount,171
during,O,171
the,O,171
summer.,O,171
The,O,172
weather,O,172
is,O,172
beautiful,O,172
today.,O,172
The,O,173
view,O,173
from,O,173
here,O,173
is,O,173
breathtaking.,O,173
The,O,174
weather,O,174
is,O,174
beautiful,O,174
today.,O,174
Mount,B-mount,175
Olympus,I-mount,175
is,O,175
known,O,175
for,O,175
its,O,175
beauty.,O,175
I,O,176
have,O,176
visited,O,176
The,B-mount,176
Himalayas,I-mount,176
recently.,O,176
The,B-mount,177
peaks,O,177
of,O,177
Denali,B-mount,177
are,O,177
covered,O,177
in,O,177
snow.,O,177
Mount,B-mount,178
Whitney,I-mount,178
and,O,178
Mount,B-mount,178
Kilimanjaro,I-mount,178
are,O,178
popular,O,178
destinations.,O,178
I,O,179
have,O,179
visited,O,179
Mount,B-mount,179
Olympus,I-mount,179
recently.,O,179
Mount,B-mount,180
Kilimanjaro,I-mount,180
is,O,180
known,O,180
for,O,180
its,O,180
beauty.,O,180
We,O,181
went,O,181
stargazing,O,181
last,O,181
night.,O,181
I,O,182
have,O,182
visited,O,182
Mount,B-mount,182
Kosciuszko,I-mount,182
recently.,O,182
Mount,B-mount,183
Whitney,I-mount,183
and,O,183
Mount,B-mount,183
Logan,I-mount,183
are,O,183
popular,O,183
destinations.,O,183
The,B-mount,184
peaks,O,184
of,O,184
Denali,B-mount,184
are,O,184
covered,O,184
in,O,184
snow.,O,184
Mount,B-mount,185
Kosciuszko,I-mount,185
and,O,185
Mount,B-mount,185
Whitney,I-mount,185
are,O,185
popular,O,185
destinations.,O,185
The,O,186
sun,O,186
sets,O,186
behind,O,186
the,O,186
hills,O,186
every,O,186
evening.,O,186
The,B-mount,187
peaks,O,187
of,O,187
K2,B-mount,187
are,O,187
covered,O,187
in,O,187
snow.,O,187
The,B-mount,188
peaks,O,188
of,O,188
Mount,B-mount,188
Kosciuszko,I-mount,188
are,O,188
covered,O,188
in,O,188
snow.,O,188
People,O,189
often,O,189
climb,O,189
Denali,B-mount,189
during,O,189
the,O,189
summer.,O,189
Mount,B-mount,190
Aconcagua,I-mount,190
and,O,190
Mount,B-mount,190
Kilimanjaro,I-mount,190
are,O,190
popular,O,190
destinations.,O,190
The,B-mount,191
peaks,O,191
of,O,191
Mount,B-mount,191
Logan,I-mount,191
are,O,191
covered,O,191
in,O,191
snow.,O,191
The,B-mount,192
peaks,O,192
of,O,192
Mount,B-mount,192
Kosciuszko,I-mount,192
are,O,192
covered,O,192
in,O,192
snow.,O,192
The,B-mount,193
peaks,O,193
of,O,193
Mount,B-mount,193
Aconcagua,I-mount,193
are,O,193
covered,O,193
in,O,193
snow.,O,193
Mount,B-mount,194
Olympus,I-mount,194
is,O,194
known,O,194
for,O,194
its,O,194
beauty.,O,194
The,B-mount,195
peaks,O,195
of,O,195
Mount,B-mount,195
Aconcagua,I-mount,195
are,O,195
covered,O,195
in,O,195
snow.,O,195
People,O,196
often,O,196
climb,O,196
Mount,B-mount,196
Everest,I-mount,196
during,O,196
the,O,196
summer.,O,196
People,O,197
often,O,197
climb,O,197
Mount,B-mount,197
Fuji,I-mount,197
during,O,197
the,O,197
summer.,O,197
Mount,B-mount,198
Kilimanjaro,I-mount,198
is,O,198
known,O,198
for,O,198
its,O,198
beauty.,O,198
Annapurna,B-mount,199
is,O,199
known,O,199
for,O,199
its,O,199
beauty.,O,199
People,O,200
often,O,200
climb,O,200
Mount,B-mount,200
Elbrus,I-mount,200
during,O,200
the,O,200
summer.,O,200
Mount,B-mount,201
Elbrus,I-mount,201
and,O,201
Annapurna,B-mount,201
are,O,201
popular,O,201
destinations.,O,201
People,O,202
often,O,202
climb,O,202
The,B-mount,202
Himalayas,I-mount,202
during,O,202
the,O,202
summer.,O,202
This,O,203
area,O,203
is,O,203
famous,O,203
for,O,203
its,O,203
wildlife.,O,203
I,O,204
have,O,204
visited,O,204
Mount,B-mount,204
Everest,I-mount,204
recently.,O,204
Mount,B-mount,205
Everest,I-mount,205
and,O,205
Mount,B-mount,205
Logan,I-mount,205
are,O,205
popular,O,205
destinations.,O,205
This,O,206
area,O,206
is,O,206
famous,O,206
for,O,206
its,O,206
wildlife.,O,206
People,O,207
often,O,207
climb,O,207
Mont,B-mount,207
Blanc,I-mount,207
during,O,207
the,O,207
summer.,O,207
We,O,208
went,O,208
stargazing,O,208
last,O,208
night.,O,208
This,O,209
area,O,209
is,O,209
famous,O,209
for,O,209
its,O,209
wildlife.,O,209
I,O,210
have,O,210
visited,O,210
Denali,B-mount,210
recently.,O,210
The,O,211
river,O,211
flows,O,211
through,O,211
the,O,211
valley.,O,211
He,O,212
packed,O,212
his,O,212
bag,O,212
and,O,212
set,O,212
off,O,212
on,O,212
an,O,212
adventure.,O,212
I,O,213
have,O,213
visited,O,213
Mount,B-mount,213
Everest,I-mount,213
recently.,O,213
I,O,214
have,O,214
visited,O,214
K2,B-mount,214
recently.,O,214
Mount,B-mount,215
McKinley,I-mount,215
and,O,215
Mont,B-mount,215
Blanc,I-mount,215
are,O,215
popular,O,215
destinations.,O,215
People,O,216
often,O,216
climb,O,216
Matterhorn,B-mount,216
during,O,216
the,O,216
summer.,O,216
This,O,217
area,O,217
is,O,217
famous,O,217
for,O,217
its,O,217
wildlife.,O,217
People,O,218
often,O,218
climb,O,218
Annapurna,B-mount,218
during,O,218
the,O,218
summer.,O,218
I,O,219
have,O,219
visited,O,219
The,B-mount,219
Alps,I-mount,219
recently.,O,219
She,O,220
enjoys,O,220
camping,O,220
in,O,220
remote,O,220
areas.,O,220
The,B-mount,221
peaks,O,221
of,O,221
Mount,B-mount,221
Olympus,I-mount,221
are,O,221
covered,O,221
in,O,221
snow.,O,221
People,O,222
often,O,222
climb,O,222
Mont,B-mount,222
Blanc,I-mount,222
during,O,222
the,O,222
summer.,O,222
The,B-mount,223
peaks,O,223
of,O,223
Annapurna,B-mount,223
are,O,223
covered,O,223
in,O,223
snow.,O,223
This,O,224
area,O,224
is,O,224
famous,O,224
for,O,224
its,O,224
wildlife.,O,224
People,O,225
often,O,225
climb,O,225
Mount,B-mount,225
Elbrus,I-mount,225
during,O,225
the,O,225
summer.,O,225
I,O,226
have,O,226
visited,O,226
Mount,B-mount,226
McKinley,I-mount,226
recently.,O,226
The,B-mount,227
peaks,O,227
of,O,227
Mount,B-mount,227
Kilimanjaro,I-mount,227
are,O,227
covered,O,227
in,O,227
snow.,O,227
Mount,B-mount,228
McKinley,I-mount,228
is,O,228
known,O,228
for,O,228
its,O,228
beauty.,O,228
The,O,229
river,O,229
flows,O,229
through,O,229
the,O,229
valley.,O,229
K2,B-mount,230
and,O,230
Mount,B-mount,230
Aconcagua,I-mount,230
are,O,230
popular,O,230
destinations.,O,230
The,B-mount,231
peaks,O,231
of,O,231
Mount,B-mount,231
Aconcagua,I-mount,231
are,O,231
covered,O,231
in,O,231
snow.,O,231
Mount,B-mount,232
Logan,I-mount,232
and,O,232
Matterhorn,B-mount,232
are,O,232
popular,O,232
destinations.,O,232
The,B-mount,233
peaks,O,233
of,O,233
Mount,B-mount,233
Elbrus,I-mount,233
are,O,233
covered,O,233
in,O,233
snow.,O,233
I,O,234
love,O,234
hiking,O,234
in,O,234
the,O,234
countryside.,O,234
The,B-mount,235
peaks,O,235
of,O,235
The,B-mount,235
Alps,I-mount,235
are,O,235
covered,O,235
in,O,235
snow.,O,235
Mount,B-mount,236
Kilimanjaro,I-mount,236
and,O,236
Mount,B-mount,236
Fuji,I-mount,236
are,O,236
popular,O,236
destinations.,O,236
The,O,237
forest,O,237
is,O,237
dense,O,237
and,O,237
full,O,237
of,O,237
life.,O,237
The,O,238
weather,O,238
is,O,238
beautiful,O,238
today.,O,238
The,B-mount,239
Himalayas,I-mount,239
is,O,239
known,O,239
for,O,239
its,O,239
beauty.,O,239
The,B-mount,240
Himalayas,I-mount,240
and,O,240
K2,B-mount,240
are,O,240
popular,O,240
destinations.,O,240
The,B-mount,241
Alps,I-mount,241
is,O,241
known,O,241
for,O,241
its,O,241
beauty.,O,241
I,O,242
have,O,242
visited,O,242
Matterhorn,B-mount,242
recently.,O,242
I,O,243
have,O,243
visited,O,243
Mount,B-mount,243
Everest,I-mount,243
recently.,O,243
The,B-mount,244
peaks,O,244
of,O,244
Mount,B-mount,244
Elbrus,I-mount,244
are,O,244
covered,O,244
in,O,244
snow.,O,244
The,O,245
forest,O,245
is,O,245
dense,O,245
and,O,245
full,O,245
of,O,245
life.,O,245
The,B-mount,246
Rockies,I-mount,246
and,O,246
Annapurna,B-mount,246
are,O,246
popular,O,246
destinations.,O,246
People,O,247
often,O,247
climb,O,247
Mount,B-mount,247
Everest,I-mount,247
during,O,247
the,O,247
summer.,O,247
Mount,B-mount,248
Logan,I-mount,248
is,O,248
known,O,248
for,O,248
its,O,248
beauty.,O,248
The,B-mount,249
peaks,O,249
of,O,249
Mount,B-mount,249
Everest,I-mount,249
are,O,249
covered,O,249
in,O,249
snow.,O,249
People,O,250
often,O,250
climb,O,250
Mount,B-mount,250
Kilimanjaro,I-mount,250
during,O,250
the,O,250
summer.,O,250
People,O,251
often,O,251
climb,O,251
The,B-mount,251
Rockies,I-mount,251
during,O,251
the,O,251
summer.,O,251
The,B-mount,252
peaks,O,252
of,O,252
Mont,B-mount,252
Blanc,I-mount,252
are,O,252
covered,O,252
in,O,252
snow.,O,252
Mount,B-mount,253
Kosciuszko,I-mount,253
and,O,253
The,B-mount,253
Rockies,I-mount,253
are,O,253
popular,O,253
destinations.,O,253
Mont,B-mount,254
Blanc,I-mount,254
and,O,254
Denali,B-mount,254
are,O,254
popular,O,254
destinations.,O,254
Mount,B-mount,255
Elbrus,I-mount,255
is,O,255
known,O,255
for,O,255
its,O,255
beauty.,O,255
He,O,256
packed,O,256
his,O,256
bag,O,256
and,O,256
set,O,256
off,O,256
on,O,256
an,O,256
adventure.,O,256
The,B-mount,257
peaks,O,257
of,O,257
Annapurna,B-mount,257
are,O,257
covered,O,257
in,O,257
snow.,O,257
She,O,258
enjoys,O,258
camping,O,258
in,O,258
remote,O,258
areas.,O,258
The,B-mount,259
Alps,I-mount,259
and,O,259
Annapurna,B-mount,259
are,O,259
popular,O,259
destinations.,O,259
Mount,B-mount,260
Whitney,I-mount,260
is,O,260
known,O,260
for,O,260
its,O,260
beauty.,O,260
She,O,261
enjoys,O,261
camping,O,261
in,O,261
remote,O,261
areas.,O,261
I,O,262
have,O,262
visited,O,262
Mount,B-mount,262
Kilimanjaro,I-mount,262
recently.,O,262
The,B-mount,263
peaks,O,263
of,O,263
The,B-mount,263
Andes,I-mount,263
are,O,263
covered,O,263
in,O,263
snow.,O,263
This,O,264
area,O,264
is,O,264
famous,O,264
for,O,264
its,O,264
wildlife.,O,264
Annapurna,B-mount,265
and,O,265
The,B-mount,265
Alps,I-mount,265
are,O,265
popular,O,265
destinations.,O,265
The,B-mount,266
Alps,I-mount,266
and,O,266
Denali,B-mount,266
are,O,266
popular,O,266
destinations.,O,266
The,B-mount,267
Himalayas,I-mount,267
and,O,267
Mount,B-mount,267
Olympus,I-mount,267
are,O,267
popular,O,267
destinations.,O,267
This,O,268
area,O,268
is,O,268
famous,O,268
for,O,268
its,O,268
wildlife.,O,268
The,O,269
sun,O,269
sets,O,269
behind,O,269
the,O,269
hills,O,269
every,O,269
evening.,O,269
Mount,B-mount,270
Everest,I-mount,270
and,O,270
Mount,B-mount,270
Logan,I-mount,270
are,O,270
popular,O,270
destinations.,O,270
He,O,271
packed,O,271
his,O,271
bag,O,271
and,O,271
set,O,271
off,O,271
on,O,271
an,O,271
adventure.,O,271
The,O,272
view,O,272
from,O,272
here,O,272
is,O,272
breathtaking.,O,272
Mount,B-mount,273
Whitney,I-mount,273
is,O,273
known,O,273
for,O,273
its,O,273
beauty.,O,273
The,O,274
forest,O,274
is,O,274
dense,O,274
and,O,274
full,O,274
of,O,274
life.,O,274
K2,B-mount,275
and,O,275
K2,B-mount,275
are,O,275
popular,O,275
destinations.,O,275
Mount,B-mount,276
Fuji,I-mount,276
and,O,276
The,B-mount,276
Himalayas,I-mount,276
are,O,276
popular,O,276
destinations.,O,276
This,O,277
area,O,277
is,O,277
famous,O,277
for,O,277
its,O,277
wildlife.,O,277
The,B-mount,278
peaks,O,278
of,O,278
Mount,B-mount,278
Everest,I-mount,278
are,O,278
covered,O,278
in,O,278
snow.,O,278
I,O,279
have,O,279
visited,O,279
K2,B-mount,279
recently.,O,279
Annapurna,B-mount,280
is,O,280
known,O,280
for,O,280
its,O,280
beauty.,O,280
Mount,B-mount,281
Kilimanjaro,I-mount,281
is,O,281
known,O,281
for,O,281
its,O,281
beauty.,O,281
The,B-mount,282
peaks,O,282
of,O,282
The,B-mount,282
Himalayas,I-mount,282
are,O,282
covered,O,282
in,O,282
snow.,O,282
The,B-mount,283
peaks,O,283
of,O,283
The,B-mount,283
Himalayas,I-mount,283
are,O,283
covered,O,283
in,O,283
snow.,O,283
Mount,B-mount,284
Olympus,I-mount,284
and,O,284
Mount,B-mount,284
Everest,I-mount,284
are,O,284
popular,O,284
destinations.,O,284
This,O,285
area,O,285
is,O,285
famous,O,285
for,O,285
its,O,285
wildlife.,O,285
Mount,B-mount,286
Logan,I-mount,286
is,O,286
known,O,286
for,O,286
its,O,286
beauty.,O,286
The,O,287
view,O,287
from,O,287
here,O,287
is,O,287
breathtaking.,O,287
I,O,288
have,O,288
visited,O,288
Annapurna,B-mount,288
recently.,O,288
The,B-mount,289
Andes,I-mount,289
and,O,289
K2,B-mount,289
are,O,289
popular,O,289
destinations.,O,289
Matterhorn,B-mount,290
and,O,290
The,B-mount,290
Andes,I-mount,290
are,O,290
popular,O,290
destinations.,O,290
The,B-mount,291
Andes,I-mount,291
and,O,291
Mount,B-mount,291
Logan,I-mount,291
are,O,291
popular,O,291
destinations.,O,291
The,B-mount,292
peaks,O,292
of,O,292
Matterhorn,B-mount,292
are,O,292
covered,O,292
in,O,292
snow.,O,292
I,O,293
have,O,293
visited,O,293
Matterhorn,B-mount,293
recently.,O,293
The,O,294
weather,O,294
is,O,294
beautiful,O,294
today.,O,294
The,O,295
river,O,295
flows,O,295
through,O,295
the,O,295
valley.,O,295
This,O,296
area,O,296
is,O,296
famous,O,296
for,O,296
its,O,296
wildlife.,O,296
People,O,297
often,O,297
climb,O,297
The,B-mount,297
Himalayas,I-mount,297
during,O,297
the,O,297
summer.,O,297
Mount,B-mount,298
Whitney,I-mount,298
is,O,298
known,O,298
for,O,298
its,O,298
beauty.,O,298
The,O,299
weather,O,299
is,O,299
beautiful,O,299
today.,O,299
Mount,B-mount,300
Kilimanjaro,I-mount,300
and,O,300
Mount,B-mount,300
Olympus,I-mount,300
are,O,300
popular,O,300
destinations.,O,300
We,O,301
went,O,301
stargazing,O,301
last,O,301
night.,O,301
People,O,302
often,O,302
climb,O,302
Mont,B-mount,302
Blanc,I-mount,302
during,O,302
the,O,302
summer.,O,302
K2,B-mount,303
is,O,303
known,O,303
for,O,303
its,O,303
beauty.,O,303
The,O,304
view,O,304
from,O,304
here,O,304
is,O,304
breathtaking.,O,304
He,O,305
packed,O,305
his,O,305
bag,O,305
and,O,305
set,O,305
off,O,305
on,O,305
an,O,305
adventure.,O,305
I,O,306
have,O,306
visited,O,306
Mount,B-mount,306
Everest,I-mount,306
recently.,O,306
Mount,B-mount,307
Kilimanjaro,I-mount,307
is,O,307
known,O,307
for,O,307
its,O,307
beauty.,O,307
The,B-mount,308
Rockies,I-mount,308
and,O,308
Mont,B-mount,308
Blanc,I-mount,308
are,O,308
popular,O,308
destinations.,O,308
The,B-mount,309
Rockies,I-mount,309
and,O,309
Mount,B-mount,309
Elbrus,I-mount,309
are,O,309
popular,O,309
destinations.,O,309
People,O,310
often,O,310
climb,O,310
The,B-mount,310
Rockies,I-mount,310
during,O,310
the,O,310
summer.,O,310
The,B-mount,311
peaks,O,311
of,O,311
Mount,B-mount,311
Kosciuszko,I-mount,311
are,O,311
covered,O,311
in,O,311
snow.,O,311
People,O,312
often,O,312
climb,O,312
The,B-mount,312
Alps,I-mount,312
during,O,312
the,O,312
summer.,O,312
I,O,313
have,O,313
visited,O,313
Mount,B-mount,313
Whitney,I-mount,313
recently.,O,313
K2,B-mount,314
and,O,314
Mount,B-mount,314
Everest,I-mount,314
are,O,314
popular,O,314
destinations.,O,314
The,B-mount,315
peaks,O,315
of,O,315
Mount,B-mount,315
Aconcagua,I-mount,315
are,O,315
covered,O,315
in,O,315
snow.,O,315
The,O,316
river,O,316
flows,O,316
through,O,316
the,O,316
valley.,O,316
He,O,317
packed,O,317
his,O,317
bag,O,317
and,O,317
set,O,317
off,O,317
on,O,317
an,O,317
adventure.,O,317
Mount,B-mount,318
Fuji,I-mount,318
is,O,318
known,O,318
for,O,318
its,O,318
beauty.,O,318
The,B-mount,319
Himalayas,I-mount,319
is,O,319
known,O,319
for,O,319
its,O,319
beauty.,O,319
I,O,320
have,O,320
visited,O,320
Mount,B-mount,320
Olympus,I-mount,320
recently.,O,320
Mount,B-mount,321
Aconcagua,I-mount,321
is,O,321
known,O,321
for,O,321
its,O,321
beauty.,O,321
The,O,322
weather,O,322
is,O,322
beautiful,O,322
today.,O,322
She,O,323
enjoys,O,323
camping,O,323
in,O,323
remote,O,323
areas.,O,323
People,O,324
often,O,324
climb,O,324
Mont,B-mount,324
Blanc,I-mount,324
during,O,324
the,O,324
summer.,O,324
We,O,325
went,O,325
stargazing,O,325
last,O,325
night.,O,325
People,O,326
often,O,326
climb,O,326
Mont,B-mount,326
Blanc,I-mount,326
during,O,326
the,O,326
summer.,O,326
K2,B-mount,327
is,O,327
known,O,327
for,O,327
its,O,327
beauty.,O,327
The,O,328
river,O,328
flows,O,328
through,O,328
the,O,328
valley.,O,328
The,B-mount,329
peaks,O,329
of,O,329
Mount,B-mount,329
Fuji,I-mount,329
are,O,329
covered,O,329
in,O,329
snow.,O,329
People,O,330
often,O,330
climb,O,330
The,B-mount,330
Rockies,I-mount,330
during,O,330
the,O,330
summer.,O,330
The,B-mount,331
peaks,O,331
of,O,331
Mount,B-mount,331
Kilimanjaro,I-mount,331
are,O,331
covered,O,331
in,O,331
snow.,O,331
I,O,332
have,O,332
visited,O,332
The,B-mount,332
Andes,I-mount,332
recently.,O,332
The,O,333
weather,O,333
is,O,333
beautiful,O,333
today.,O,333
People,O,334
often,O,334
climb,O,334
Annapurna,B-mount,334
during,O,334
the,O,334
summer.,O,334
The,B-mount,335
peaks,O,335
of,O,335
Mont,B-mount,335
Blanc,I-mount,335
are,O,335
covered,O,335
in,O,335
snow.,O,335
The,O,336
weather,O,336
is,O,336
beautiful,O,336
today.,O,336
The,O,337
forest,O,337
is,O,337
dense,O,337
and,O,337
full,O,337
of,O,337
life.,O,337
The,O,338
weather,O,338
is,O,338
beautiful,O,338
today.,O,338
The,B-mount,339
peaks,O,339
of,O,339
The,B-mount,339
Himalayas,I-mount,339
are,O,339
covered,O,339
in,O,339
snow.,O,339
She,O,340
enjoys,O,340
camping,O,340
in,O,340
remote,O,340
areas.,O,340
The,B-mount,341
peaks,O,341
of,O,341
Annapurna,B-mount,341
are,O,341
covered,O,341
in,O,341
snow.,O,341
We,O,342
went,O,342
stargazing,O,342
last,O,342
night.,O,342
We,O,343
went,O,343
stargazing,O,343
last,O,343
night.,O,343
She,O,344
enjoys,O,344
camping,O,344
in,O,344
remote,O,344
areas.,O,344
The,B-mount,345
peaks,O,345
of,O,345
Mount,B-mount,345
Aconcagua,I-mount,345
are,O,345
covered,O,345
in,O,345
snow.,O,345
The,O,346
sun,O,346
sets,O,346
behind,O,346
the,O,346
hills,O,346
every,O,346
evening.,O,346
The,O,347
sun,O,347
sets,O,347
behind,O,347
the,O,347
hills,O,347
every,O,347
evening.,O,347
He,O,348
packed,O,348
his,O,348
bag,O,348
and,O,348
set,O,348
off,O,348
on,O,348
an,O,348
adventure.,O,348
We,O,349
went,O,349
stargazing,O,349
last,O,349
night.,O,349
The,O,350
weather,O,350
is,O,350
beautiful,O,350
today.,O,350
She,O,351
enjoys,O,351
camping,O,351
in,O,351
remote,O,351
areas.,O,351
Mount,B-mount,352
McKinley,I-mount,352
and,O,352
Mount,B-mount,352
McKinley,I-mount,352
are,O,352
popular,O,352
destinations.,O,352
People,O,353
often,O,353
climb,O,353
Mont,B-mount,353
Blanc,I-mount,353
during,O,353
the,O,353
summer.,O,353
We,O,354
went,O,354
stargazing,O,354
last,O,354
night.,O,354
The,O,355
view,O,355
from,O,355
here,O,355
is,O,355
breathtaking.,O,355
Mount,B-mount,356
Fuji,I-mount,356
is,O,356
known,O,356
for,O,356
its,O,356
beauty.,O,356
The,B-mount,357
Himalayas,I-mount,357
is,O,357
known,O,357
for,O,357
its,O,357
beauty.,O,357
Mont,B-mount,358
Blanc,I-mount,358
and,O,358
Mount,B-mount,358
Kosciuszko,I-mount,358
are,O,358
popular,O,358
destinations.,O,358
Mount,B-mount,359
Aconcagua,I-mount,359
is,O,359
known,O,359
for,O,359
its,O,359
beauty.,O,359
The,B-mount,360
Himalayas,I-mount,360
is,O,360
known,O,360
for,O,360
its,O,360
beauty.,O,360
Mount,B-mount,361
Elbrus,I-mount,361
and,O,361
Mont,B-mount,361
Blanc,I-mount,361
are,O,361
popular,O,361
destinations.,O,361
The,B-mount,362
Alps,I-mount,362
is,O,362
known,O,362
for,O,362
its,O,362
beauty.,O,362
Mount,B-mount,363
Whitney,I-mount,363
and,O,363
Mount,B-mount,363
Olympus,I-mount,363
are,O,363
popular,O,363
destinations.,O,363
He,O,364
packed,O,364
his,O,364
bag,O,364
and,O,364
set,O,364
off,O,364
on,O,364
an,O,364
adventure.,O,364
I,O,365
have,O,365
visited,O,365
Mount,B-mount,365
Logan,I-mount,365
recently.,O,365
I,O,366
have,O,366
visited,O,366
The,B-mount,366
Andes,I-mount,366
recently.,O,366
I,O,367
love,O,367
hiking,O,367
in,O,367
the,O,367
countryside.,O,367
The,O,368
weather,O,368
is,O,368
beautiful,O,368
today.,O,368
The,B-mount,369
Andes,I-mount,369
and,O,369
The,B-mount,369
Himalayas,I-mount,369
are,O,369
popular,O,369
destinations.,O,369
The,B-mount,370
peaks,O,370
of,O,370
The,B-mount,370
Himalayas,I-mount,370
are,O,370
covered,O,370
in,O,370
snow.,O,370
The,B-mount,371
peaks,O,371
of,O,371
Mount,B-mount,371
Logan,I-mount,371
are,O,371
covered,O,371
in,O,371
snow.,O,371
People,O,372
often,O,372
climb,O,372
The,B-mount,372
Himalayas,I-mount,372
during,O,372
the,O,372
summer.,O,372
The,B-mount,373
peaks,O,373
of,O,373
Mount,B-mount,373
Whitney,I-mount,373
are,O,373
covered,O,373
in,O,373
snow.,O,373
The,O,374
river,O,374
flows,O,374
through,O,374
the,O,374
valley.,O,374
People,O,375
often,O,375
climb,O,375
Mont,B-mount,375
Blanc,I-mount,375
during,O,375
the,O,375
summer.,O,375
The,B-mount,376
peaks,O,376
of,O,376
Mount,B-mount,376
Fuji,I-mount,376
are,O,376
covered,O,376
in,O,376
snow.,O,376
The,B-mount,377
peaks,O,377
of,O,377
Mont,B-mount,377
Blanc,I-mount,377
are,O,377
covered,O,377
in,O,377
snow.,O,377
Matterhorn,B-mount,378
is,O,378
known,O,378
for,O,378
its,O,378
beauty.,O,378
The,B-mount,379
peaks,O,379
of,O,379
K2,B-mount,379
are,O,379
covered,O,379
in,O,379
snow.,O,379
I,O,380
love,O,380
hiking,O,380
in,O,380
the,O,380
countryside.,O,380
I,O,381
have,O,381
visited,O,381
Mount,B-mount,381
Whitney,I-mount,381
recently.,O,381
The,O,382
weather,O,382
is,O,382
beautiful,O,382
today.,O,382
People,O,383
often,O,383
climb,O,383
Mount,B-mount,383
Elbrus,I-mount,383
during,O,383
the,O,383
summer.,O,383
The,B-mount,384
Andes,I-mount,384
and,O,384
The,B-mount,384
Alps,I-mount,384
are,O,384
popular,O,384
destinations.,O,384
Mount,B-mount,385
Kosciuszko,I-mount,385
is,O,385
known,O,385
for,O,385
its,O,385
beauty.,O,385
The,B-mount,386
Andes,I-mount,386
is,O,386
known,O,386
for,O,386
its,O,386
beauty.,O,386
I,O,387
have,O,387
visited,O,387
Mount,B-mount,387
Aconcagua,I-mount,387
recently.,O,387
The,O,388
weather,O,388
is,O,388
beautiful,O,388
today.,O,388
Denali,B-mount,389
is,O,389
known,O,389
for,O,389
its,O,389
beauty.,O,389
She,O,390
enjoys,O,390
camping,O,390
in,O,390
remote,O,390
areas.,O,390
I,O,391
have,O,391
visited,O,391
The,B-mount,391
Alps,I-mount,391
recently.,O,391
I,O,392
have,O,392
visited,O,392
Mount,B-mount,392
Whitney,I-mount,392
recently.,O,392
People,O,393
often,O,393
climb,O,393
Denali,B-mount,393
during,O,393
the,O,393
summer.,O,393
K2,B-mount,394
is,O,394
known,O,394
for,O,394
its,O,394
beauty.,O,394
He,O,395
packed,O,395
his,O,395
bag,O,395
and,O,395
set,O,395
off,O,395
on,O,395
an,O,395
adventure.,O,395
The,O,396
weather,O,396
is,O,396
beautiful,O,396
today.,O,396
The,B-mount,397
Himalayas,I-mount,397
is,O,397
known,O,397
for,O,397
its,O,397
beauty.,O,397
Denali,B-mount,398
and,O,398
The,B-mount,398
Andes,I-mount,398
are,O,398
popular,O,398
destinations.,O,398
People,O,399
often,O,399
climb,O,399
The,B-mount,399
Rockies,I-mount,399
during,O,399
the,O,399
summer.,O,399
The,B-mount,400
peaks,O,400
of,O,400
Mount,B-mount,400
Everest,I-mount,400
are,O,400
covered,O,400
in,O,400
snow.,O,400
I,O,401
have,O,401
visited,O,401
Mount,B-mount,401
McKinley,I-mount,401
recently.,O,401
People,O,402
often,O,402
climb,O,402
The,B-mount,402
Rockies,I-mount,402
during,O,402
the,O,402
summer.,O,402
I,O,403
have,O,403
visited,O,403
Mount,B-mount,403
Fuji,I-mount,403
recently.,O,403
I,O,404
have,O,404
visited,O,404
The,B-mount,404
Himalayas,I-mount,404
recently.,O,404
People,O,405
often,O,405
climb,O,405
Mount,B-mount,405
McKinley,I-mount,405
during,O,405
the,O,405
summer.,O,405
The,O,406
weather,O,406
is,O,406
beautiful,O,406
today.,O,406
The,O,407
forest,O,407
is,O,407
dense,O,407
and,O,407
full,O,407
of,O,407
life.,O,407
Mount,B-mount,408
Aconcagua,I-mount,408
is,O,408
known,O,408
for,O,408
its,O,408
beauty.,O,408
The,B-mount,409
peaks,O,409
of,O,409
Mount,B-mount,409
Olympus,I-mount,409
are,O,409
covered,O,409
in,O,409
snow.,O,409
The,O,410
forest,O,410
is,O,410
dense,O,410
and,O,410
full,O,410
of,O,410
life.,O,410
People,O,411
often,O,411
climb,O,411
K2,B-mount,411
during,O,411
the,O,411
summer.,O,411
The,O,412
weather,O,412
is,O,412
beautiful,O,412
today.,O,412
He,O,413
packed,O,413
his,O,413
bag,O,413
and,O,413
set,O,413
off,O,413
on,O,413
an,O,413
adventure.,O,413
Annapurna,B-mount,414
and,O,414
Mont,B-mount,414
Blanc,I-mount,414
are,O,414
popular,O,414
destinations.,O,414
The,O,415
river,O,415
flows,O,415
through,O,415
the,O,415
valley.,O,415
Denali,B-mount,416
and,O,416
The,B-mount,416
Alps,I-mount,416
are,O,416
popular,O,416
destinations.,O,416
K2,B-mount,417
and,O,417
Mount,B-mount,417
Fuji,I-mount,417
are,O,417
popular,O,417
destinations.,O,417
The,O,418
forest,O,418
is,O,418
dense,O,418
and,O,418
full,O,418
of,O,418
life.,O,418
The,B-mount,419
peaks,O,419
of,O,419
The,B-mount,419
Rockies,I-mount,419
are,O,419
covered,O,419
in,O,419
snow.,O,419
She,O,420
enjoys,O,420
camping,O,420
in,O,420
remote,O,420
areas.,O,420
The,B-mount,421
peaks,O,421
of,O,421
Mount,B-mount,421
Whitney,I-mount,421
are,O,421
covered,O,421
in,O,421
snow.,O,421
The,O,422
view,O,422
from,O,422
here,O,422
is,O,422
breathtaking.,O,422
The,B-mount,423
Andes,I-mount,423
is,O,423
known,O,423
for,O,423
its,O,423
beauty.,O,423
We,O,424
went,O,424
stargazing,O,424
last,O,424
night.,O,424
This,O,425
area,O,425
is,O,425
famous,O,425
for,O,425
its,O,425
wildlife.,O,425
Matterhorn,B-mount,426
and,O,426
Mount,B-mount,426
Kosciuszko,I-mount,426
are,O,426
popular,O,426
destinations.,O,426
I,O,427
have,O,427
visited,O,427
Mount,B-mount,427
Everest,I-mount,427
recently.,O,427
I,O,428
have,O,428
visited,O,428
Mount,B-mount,428
Kosciuszko,I-mount,428
recently.,O,428
I,O,429
have,O,429
visited,O,429
Mont,B-mount,429
Blanc,I-mount,429
recently.,O,429
We,O,430
went,O,430
stargazing,O,430
last,O,430
night.,O,430
We,O,431
went,O,431
stargazing,O,431
last,O,431
night.,O,431
Mount,B-mount,432
Everest,I-mount,432
is,O,432
known,O,432
for,O,432
its,O,432
beauty.,O,432
He,O,433
packed,O,433
his,O,433
bag,O,433
and,O,433
set,O,433
off,O,433
on,O,433
an,O,433
adventure.,O,433
The,B-mount,434
Rockies,I-mount,434
and,O,434
The,B-mount,434
Himalayas,I-mount,434
are,O,434
popular,O,434
destinations.,O,434
People,O,435
often,O,435
climb,O,435
The,B-mount,435
Andes,I-mount,435
during,O,435
the,O,435
summer.,O,435
People,O,436
often,O,436
climb,O,436
Mount,B-mount,436
Kilimanjaro,I-mount,436
during,O,436
the,O,436
summer.,O,436
Mount,B-mount,437
Aconcagua,I-mount,437
is,O,437
known,O,437
for,O,437
its,O,437
beauty.,O,437
I,O,438
have,O,438
visited,O,438
Matterhorn,B-mount,438
recently.,O,438
Mount,B-mount,439
McKinley,I-mount,439
and,O,439
Mount,B-mount,439
Olympus,I-mount,439
are,O,439
popular,O,439
destinations.,O,439
I,O,440
have,O,440
visited,O,440
Mont,B-mount,440
Blanc,I-mount,440
recently.,O,440
I,O,441
have,O,441
visited,O,441
The,B-mount,441
Rockies,I-mount,441
recently.,O,441
People,O,442
often,O,442
climb,O,442
Mount,B-mount,442
Kosciuszko,I-mount,442
during,O,442
the,O,442
summer.,O,442
The,O,443
forest,O,443
is,O,443
dense,O,443
and,O,443
full,O,443
of,O,443
life.,O,443
Mount,B-mount,444
Aconcagua,I-mount,444
is,O,444
known,O,444
for,O,444
its,O,444
beauty.,O,444
The,B-mount,445
peaks,O,445
of,O,445
Mount,B-mount,445
Kilimanjaro,I-mount,445
are,O,445
covered,O,445
in,O,445
snow.,O,445
Mount,B-mount,446
Aconcagua,I-mount,446
is,O,446
known,O,446
for,O,446
its,O,446
beauty.,O,446
People,O,447
often,O,447
climb,O,447
Mount,B-mount,447
McKinley,I-mount,447
during,O,447
the,O,447
summer.,O,447
The,O,448
river,O,448
flows,O,448
through,O,448
the,O,448
valley.,O,448
The,O,449
forest,O,449
is,O,449
dense,O,449
and,O,449
full,O,449
of,O,449
life.,O,449
I,O,450
have,O,450
visited,O,450
Mount,B-mount,450
Olympus,I-mount,450
recently.,O,450
The,B-mount,451
Rockies,I-mount,451
and,O,451
The,B-mount,451
Andes,I-mount,451
are,O,451
popular,O,451
destinations.,O,451
This,O,452
area,O,452
is,O,452
famous,O,452
for,O,452
its,O,452
wildlife.,O,452
Annapurna,B-mount,453
is,O,453
known,O,453
for,O,453
its,O,453
beauty.,O,453
The,O,454
forest,O,454
is,O,454
dense,O,454
and,O,454
full,O,454
of,O,454
life.,O,454
Mount,B-mount,455
Whitney,I-mount,455
and,O,455
Mount,B-mount,455
Elbrus,I-mount,455
are,O,455
popular,O,455
destinations.,O,455
K2,B-mount,456
is,O,456
known,O,456
for,O,456
its,O,456
beauty.,O,456
The,O,457
view,O,457
from,O,457
here,O,457
is,O,457
breathtaking.,O,457
Denali,B-mount,458
and,O,458
Denali,B-mount,458
are,O,458
popular,O,458
destinations.,O,458
Mount,B-mount,459
Kilimanjaro,I-mount,459
and,O,459
Denali,B-mount,459
are,O,459
popular,O,459
destinations.,O,459
I,O,460
have,O,460
visited,O,460
Denali,B-mount,460
recently.,O,460
Matterhorn,B-mount,461
is,O,461
known,O,461
for,O,461
its,O,461
beauty.,O,461
Mont,B-mount,462
Blanc,I-mount,462
is,O,462
known,O,462
for,O,462
its,O,462
beauty.,O,462
Mount,B-mount,463
Kosciuszko,I-mount,463
and,O,463
Mount,B-mount,463
Logan,I-mount,463
are,O,463
popular,O,463
destinations.,O,463
The,O,464
forest,O,464
is,O,464
dense,O,464
and,O,464
full,O,464
of,O,464
life.,O,464
The,B-mount,465
peaks,O,465
of,O,465
Mount,B-mount,465
McKinley,I-mount,465
are,O,465
covered,O,465
in,O,465
snow.,O,465
Matterhorn,B-mount,466
is,O,466
known,O,466
for,O,466
its,O,466
beauty.,O,466
He,O,467
packed,O,467
his,O,467
bag,O,467
and,O,467
set,O,467
off,O,467
on,O,467
an,O,467
adventure.,O,467
People,O,468
often,O,468
climb,O,468
The,B-mount,468
Alps,I-mount,468
during,O,468
the,O,468
summer.,O,468
People,O,469
often,O,469
climb,O,469
Mont,B-mount,469
Blanc,I-mount,469
during,O,469
the,O,469
summer.,O,469
Mount,B-mount,470
Whitney,I-mount,470
is,O,470
known,O,470
for,O,470
its,O,470
beauty.,O,470
She,O,471
enjoys,O,471
camping,O,471
in,O,471
remote,O,471
areas.,O,471
The,B-mount,472
peaks,O,472
of,O,472
Mont,B-mount,472
Blanc,I-mount,472
are,O,472
covered,O,472
in,O,472
snow.,O,472
The,B-mount,473
Himalayas,I-mount,473
is,O,473
known,O,473
for,O,473
its,O,473
beauty.,O,473
The,O,474
river,O,474
flows,O,474
through,O,474
the,O,474
valley.,O,474
I,O,475
have,O,475
visited,O,475
The,B-mount,475
Alps,I-mount,475
recently.,O,475
This,O,476
area,O,476
is,O,476
famous,O,476
for,O,476
its,O,476
wildlife.,O,476
People,O,477
often,O,477
climb,O,477
The,B-mount,477
Himalayas,I-mount,477
during,O,477
the,O,477
summer.,O,477
Mount,B-mount,478
Aconcagua,I-mount,478
and,O,478
The,B-mount,478
Rockies,I-mount,478
are,O,478
popular,O,478
destinations.,O,478
People,O,479
often,O,479
climb,O,479
Mount,B-mount,479
Fuji,I-mount,479
during,O,479
the,O,479
summer.,O,479
Denali,B-mount,480
is,O,480
known,O,480
for,O,480
its,O,480
beauty.,O,480
I,O,481
have,O,481
visited,O,481
Denali,B-mount,481
recently.,O,481
Mount,B-mount,482
McKinley,I-mount,482
is,O,482
known,O,482
for,O,482
its,O,482
beauty.,O,482
Annapurna,B-mount,483
is,O,483
known,O,483
for,O,483
its,O,483
beauty.,O,483
I,O,484
have,O,484
visited,O,484
Annapurna,B-mount,484
recently.,O,484
The,B-mount,485
peaks,O,485
of,O,485
The,B-mount,485
Andes,I-mount,485
are,O,485
covered,O,485
in,O,485
snow.,O,485
Mount,B-mount,486
Logan,I-mount,486
is,O,486
known,O,486
for,O,486
its,O,486
beauty.,O,486
The,O,487
weather,O,487
is,O,487
beautiful,O,487
today.,O,487
Mount,B-mount,488
Aconcagua,I-mount,488
is,O,488
known,O,488
for,O,488
its,O,488
beauty.,O,488
Mount,B-mount,489
McKinley,I-mount,489
is,O,489
known,O,489
for,O,489
its,O,489
beauty.,O,489
Mont,B-mount,490
Blanc,I-mount,490
and,O,490
Matterhorn,B-mount,490
are,O,490
popular,O,490
destinations.,O,490
The,O,491
sun,O,491
sets,O,491
behind,O,491
the,O,491
hills,O,491
every,O,491
evening.,O,491
The,B-mount,492
peaks,O,492
of,O,492
K2,B-mount,492
are,O,492
covered,O,492
in,O,492
snow.,O,492
The,B-mount,493
peaks,O,493
of,O,493
Mount,B-mount,493
Fuji,I-mount,493
are,O,493
covered,O,493
in,O,493
snow.,O,493
People,O,494
often,O,494
climb,O,494
Mount,B-mount,494
Logan,I-mount,494
during,O,494
the,O,494
summer.,O,494
The,B-mount,495
Alps,I-mount,495
and,O,495
Mount,B-mount,495
Elbrus,I-mount,495
are,O,495
popular,O,495
destinations.,O,495
People,O,496
often,O,496
climb,O,496
Mount,B-mount,496
Kosciuszko,I-mount,496
during,O,496
the,O,496
summer.,O,496
Mount,B-mount,497
Whitney,I-mount,497
is,O,497
known,O,497
for,O,497
its,O,497
beauty.,O,497
Mount,B-mount,498
Olympus,I-mount,498
and,O,498
The,B-mount,498
Rockies,I-mount,498
are,O,498
popular,O,498
destinations.,O,498
The,O,499
sun,O,499
sets,O,499
behind,O,499
the,O,499
hills,O,499
every,O,499
evening.,O,499
Mount,B-mount,500
Aconcagua,I-mount,500
is,O,500
known,O,500
for,O,500
its,O,500
beauty.,O,500
